Domain,So luong,Chiem(%)
,,
123job.vn,1,0.013616558
7msport.com,1,0.013616558
9cache.com,1,0.013616558
qq.com,1,0.013616558
org.cn,1,0.013616558
gtimg.cn,1,0.013616558
qpic.cn,1,0.013616558
afamilycdn.com,1,0.013616558
infolinks.com,1,0.013616558
wfgo5vjs6cp0cdjx7bms3cn9lof2p01xho0pxgm1fd2fah3j5d8qd7x1d6eu.me,1,0.013616558
wikimedia.org,1,0.013616558
anime47.com,1,0.013616558
thefacux.com,1,0.013616558
nanouwho.com,1,0.013616558
ashoupsu.com,1,0.013616558
ashcdn.com,1,0.013616558
apkmody.io,1,0.013616558
cdn77.org,1,0.013616558
happymod.io,1,0.013616558
winudf.com,1,0.013616558
apkpure.net,1,0.013616558
cdnpure.com,1,0.013616558
bebi.com,1,0.013616558
appvn.com,1,0.013616558
phicmune.net,1,0.013616558
baonghean.vn,1,0.013616558
baoquocte.vn,1,0.013616558
evgcdn.net,1,0.013616558
beecost.vn,1,0.013616558
benhvienthucuc.vn,1,0.013616558
thucuc.group,1,0.013616558
yts.vn,1,0.013616558
ematicsolutions.com,1,0.013616558
edubit.vn,1,0.013616558
bloganchoi.com,1,0.013616558
xtraffic.cyou,1,0.013616558
xem-truyen.com,1,0.013616558
truyen-hay.com,1,0.013616558
bonbanh.com,1,0.013616558
giaminhmedia.vn,1,0.013616558
adblox.net,1,0.013616558
createjs.com,1,0.013616558
v9banners.com,1,0.013616558
sbbanner.com,1,0.013616558
bongdawap.com,1,0.013616558
kqbd88.com,1,0.013616558
cafebizcdn.vn,1,0.013616558
run.app,1,0.013616558
stickyadstv.com,1,0.013616558
chanhtuoi.com,1,0.013616558
sudo.vn,1,0.013616558
userreport.com,1,0.013616558
chiasenhac.com,1,0.013616558
bootswatch.com,1,0.013616558
vccloud.vn,1,0.013616558
twitch.tv,1,0.013616558
cliphot.cc,1,0.013616558
go6shde9nj2itle.com,1,0.013616558
cohoc.net,1,0.013616558
coinzillatag.com,1,0.013616558
patreon.com,1,0.013616558
fortunejackpartners.com,1,0.013616558
trustdice.win,1,0.013616558
bmcdn2.com,1,0.013616558
czilladx.com,1,0.013616558
tmyzer.com,1,0.013616558
usemoralis.com,1,0.013616558
leadplace.fr,1,0.013616558
cpx.to,1,0.013616558
coinzilla.com,1,0.013616558
danet.vn,1,0.013616558
dangcongsan.vn,1,0.013616558
dtadnetwork.com,1,0.013616558
ezojs.com,1,0.013616558
danviet.vn,1,0.013616558
tebrand.asia,1,0.013616558
tebrand.vn,1,0.013616558
didongviet.vn,1,0.013616558
hub-js.com,1,0.013616558
myretail.me,1,0.013616558
dienmaycholon.vn,1,0.013616558
disquscdn.com,1,0.013616558
docbao.vn,1,0.013616558
1rx.io,1,0.013616558
docln.net,1,0.013616558
atevaccination.com,1,0.013616558
temperrunnersdale.com,1,0.013616558
banquetunarmedgrater.com,1,0.013616558
lavamedia.vn,1,0.013616558
dhht.vn,1,0.013616558
dtruyen.com,1,0.013616558
elipsport.vn,1,0.013616558
f247.vn,1,0.013616558
zamba.vn,1,0.013616558
fc.lc,1,0.013616558
fanfox.net,1,0.013616558
fifaaddict.com,1,0.013616558
five88.win,1,0.013616558
florr.io,1,0.013616558
adinplay.com,1,0.013616558
m28.io,1,0.013616558
fptplay.vn,1,0.013616558
wzrkt.com,1,0.013616558
quantcast.com,1,0.013616558
fuhuz.com,1,0.013616558
renomeeguze.com,1,0.013616558
funhub.net,1,0.013616558
ancznewozw.com,1,0.013616558
1shorten.com,1,0.013616558
game4v.com,1,0.013616558
game8.jp,1,0.013616558
vdo.ai,1,0.013616558
longtailvideo.com,1,0.013616558
giaohangtietkiem.vn,1,0.013616558
gleam.io,1,0.013616558
endorsal.io,1,0.013616558
glints.com,1,0.013616558
azurewebsites.net,1,0.013616558
windows.net,1,0.013616558
ipapi.co,1,0.013616558
urimnugocfr.com,1,0.013616558
momentoinsuree.com,1,0.013616558
hanoicomputercdn.com,1,0.013616558
rooksreused.website,1,0.013616558
hanultruyen.net,1,0.013616558
arsnivyr.com,1,0.013616558
comic24h.net,1,0.013616558
bedrapiona.com,1,0.013616558
hasaki.vn,1,0.013616558
affinitymatrix.com,1,0.013616558
alfkiel.com,1,0.013616558
79xmz3lmss.com,1,0.013616558
letitiamanuao.com,1,0.013616558
zikroarg.com,1,0.013616558
hinative.com,1,0.013616558
bugsnag.com,1,0.013616558
fout.jp,1,0.013616558
tinymce.com,1,0.013616558
mathjax.org,1,0.013616558
hopamchuan.com,1,0.013616558
githubusercontent.com,1,0.013616558
fbsbx.com,1,0.013616558
easebar.com,1,0.013616558
knives-out.com,1,0.013616558
ielts-fighter.com,1,0.013616558
ascentcolley.com,1,0.013616558
choobinoobi.com,1,0.013616558
kenh14.vn,1,0.013616558
kinghub.vn,1,0.013616558
khoahoc.tv,1,0.013616558
hhcorp.vn,1,0.013616558
cardloomed.com,1,0.013616558
mexitlipiffles.com,1,0.013616558
kqxs.vn,1,0.013616558
sharks.vn,1,0.013616558
lazi.vn,1,0.013616558
lichngaytot.com,1,0.013616558
web1s.com,1,0.013616558
adocean.pl,1,0.013616558
gemius.pl,1,0.013616558
chargebee.com,1,0.013616558
loigiaihay.com,1,0.013616558
luatminhkhue.vn,1,0.013616558
mycdn.me,1,0.013616558
ipv6-test.com,1,0.013616558
mangacv.com,1,0.013616558
upgulpinon.com,1,0.013616558
widow5blackfr.com,1,0.013616558
ugroocuw.net,1,0.013616558
myfastcdn.com,1,0.013616558
papayads.net,1,0.013616558
batcg.org,1,0.013616558
c-ctrip.com,1,0.013616558
truyentranh8.com,1,0.013616558
mediamart.vn,1,0.013616558
zenclerk.com,1,0.013616558
medlatec.vn,1,0.013616558
megaurl.in,1,0.013616558
sapocdn.net,1,0.013616558
jeoway.net,1,0.013616558
sapoapps.vn,1,0.013616558
meta.vn,1,0.013616558
vyfrxuytzn.com,1,0.013616558
godpvqnszo.com,1,0.013616558
stugsoda.com,1,0.013616558
tpmedia.online,1,0.013616558
cdnno.com,1,0.013616558
truyen.onl,1,0.013616558
ex-cdn.com,1,0.013616558
mobilecity.vn,1,0.013616558
ibb.co,1,0.013616558
mogi.vn,1,0.013616558
mxpnl.com,1,0.013616558
monkeyuni.net,1,0.013616558
vngcloud.vn,1,0.013616558
moveek.com,1,0.013616558
muaban.net,1,0.013616558
vnptioffice.vn,1,0.013616558
nanostatistics.net,1,0.013616558
captcha-display.com,1,0.013616558
garenanow.com,1,0.013616558
cdnimage.xyz,1,0.013616558
nguonphim.net,1,0.013616558
nguonhay.com,1,0.013616558
nguontv.com,1,0.013616558
gleecdn.com,1,0.013616558
wannestfooled.com,1,0.013616558
hydnoraraasch.tech,1,0.013616558
scdn.co,1,0.013616558
spotifycdn.com,1,0.013616558
spotify.com,1,0.013616558
ipdata.co,1,0.013616558
otakusan.net,1,0.013616558
shopotaku.net,1,0.013616558
paypalobjects.com,1,0.013616558
unghotoi.com,1,0.013616558
pcrdfans.com,1,0.013616558
hubs.vn,1,0.013616558
phunutoday.vn,1,0.013616558
adconnect.vn,1,0.013616558
browsiprod.com,1,0.013616558
pushmaster-cdn.xyz,1,0.013616558
cuddlethehyena.com,1,0.013616558
quantrimang.com,1,0.013616558
refokus.com,1,0.013616558
crowdin.net,1,0.013616558
prismic.io,1,0.013616558
profitwell.com,1,0.013616558
trustpilot.com,1,0.013616558
marketingautomation.services,1,0.013616558
intercomcdn.com,1,0.013616558
riviu.vn,1,0.013616558
riviu.co,1,0.013616558
diadiemanuong.com,1,0.013616558
traffic1s.com,1,0.013616558
vndown.top,1,0.013616558
thesisadornpathetic.com,1,0.013616558
popcash.net,1,0.013616558
aiqidwcfrm.com,1,0.013616558
sfkmekofps.com,1,0.013616558
seduceobscure.com,1,0.013616558
link1s.com,1,0.013616558
kuangxiangit.com,1,0.013616558
byteimg.com,1,0.013616558
faloo.com,1,0.013616558
youyoukanshu.com,1,0.013616558
gifer.com,1,0.013616558
tutsplus.com,1,0.013616558
postimg.cc,1,0.013616558
uukanshu.com,1,0.013616558
su6t2a0v1cbj6fu8o2cjdo1dx0oxdm6kgl6f7zdjxt6aqxjlwrt7cu2r5g2d.me,1,0.013616558
imagevenue.com,1,0.013616558
cbox.im,1,0.013616558
woafoame.net,1,0.013616558
highperformancedisplayformat.com,1,0.013616558
effectivecreativeformats.com,1,0.013616558
diemnhangroup.com,1,0.013616558
20icipp.com,1,0.013616558
shbet0.com,1,0.013616558
shopeemobile.com,1,0.013616558
now.vn,1,0.013616558
shopee.com,1,0.013616558
onlineseotools.in,1,0.013616558
digitaloceanspaces.com,1,0.013616558
simpsonswiki.com,1,0.013616558
simthanglong.vn,1,0.013616558
sohacdn.com,1,0.013616558
soha.vn,1,0.013616558
spiderum.com,1,0.013616558
hsforms.net,1,0.013616558
sstatic.net,1,0.013616558
metu.vn,1,0.013616558
worldssl.net,1,0.013616558
tsyndicate.com,1,0.013616558
xxxivjmp.com,1,0.013616558
exoclick.com,1,0.013616558
xxxviiijmp.com,1,0.013616558
trafficjunky.net,1,0.013616558
suckhoedoisong.vn,1,0.013616558
9mobi.vn,1,0.013616558
force.com,1,0.013616558
puleynoomiac.com,1,0.013616558
brasthingut.com,1,0.013616558
cdnjs.com,1,0.013616558
likr.tw,1,0.013616558
advividnetwork.com,1,0.013616558
thethao247.vn,1,0.013616558
flashscore.vn,1,0.013616558
auto5.vn,1,0.013616558
vietmecgroup.com,1,0.013616558
thuocsi.vn,1,0.013616558
tienphong.vn,1,0.013616558
sascdn.com,1,0.013616558
tiin.vn,1,0.013616558
timviec365.vn,1,0.013616558
qccoccocmedia.vn,1,0.013616558
lngtd.com,1,0.013616558
impactradius-go.com,1,0.013616558
tradertop.net,1,0.013616558
domaincntrol.com,1,0.013616558
exmarketplace.com,1,0.013616558
trumtruyen.vip,1,0.013616558
truyentranhaudio.online,1,0.013616558
imageinstant.net,1,0.013616558
vnfbs.com,1,0.013616558
licensebuttons.net,1,0.013616558
retentrhason.com,1,0.013616558
jqueryscript.net,1,0.013616558
truyenqqvip.com,1,0.013616558
truyenvua.com,1,0.013616558
discord.com,1,0.013616558
yeuthanky.com,1,0.013616558
phanquang.vn,1,0.013616558
wiinvent.tv,1,0.013616558
vietnamconsulate-luangprabang.org,1,0.013616558
vatgia.com,1,0.013616558
vesophuongtrang.com,1,0.013616558
wpadmngr.com,1,0.013616558
bxacmsvmxb.com,1,0.013616558
cdn4ads.com,1,0.013616558
b-cdn.net,1,0.013616558
zimg.jp,1,0.013616558
nhanlucsieuviet.com,1,0.013616558
vietgiaitri.com,1,0.013616558
vietnewscorp.vn,1,0.013616558
vietnammoi.vn,1,0.013616558
vgcloud.vn,1,0.013616558
uidapi.com,1,0.013616558
openxcdn.net,1,0.013616558
mobio.vn,1,0.013616558
vtmoney.vn,1,0.013616558
vinfastauto.com,1,0.013616558
assetsadobe2.com,1,0.013616558
vinbase.ai,1,0.013616558
vinpearl.com,1,0.013616558
cloudhms.io,1,0.013616558
vk-portal.net,1,0.013616558
tns-counter.ru,1,0.013616558
automotor.vn,1,0.013616558
vnedu.vn,1,0.013616558
4dex.io,1,0.013616558
spotxchange.com,1,0.013616558
polyad.net,1,0.013616558
bitrix.info,1,0.013616558
home.vn,1,0.013616558
voz.tech,1,0.013616558
vntsm.io,1,0.013616558
quantumdex.io,1,0.013616558
unrulymedia.com,1,0.013616558
vtv.vn,1,0.013616558
github.io,1,0.013616558
zencdn.net,1,0.013616558
ezoiccdn.com,1,0.013616558
quantcount.com,1,0.013616558
connatix.com,1,0.013616558
wattpad.vn,1,0.013616558
website-files.com,1,0.013616558
webthethao.vn,1,0.013616558
ninicoin.io,1,0.013616558
parklogic.com,1,0.013616558
blueseed.tv,1,0.013616558
aj1010.online,1,0.013616558
kw3y5otoeuniv7e9rsi.com,1,0.013616558
abay.vn,1,0.013616558
awxcdn.com,1,0.013616558
tiqcdn.com,1,0.013616558
agoda.com,1,0.013616558
apple.com,1,0.013616558
bdimg.com,1,0.013616558
bangbros.com,1,0.013616558
bestprice.vn,1,0.013616558
saasexch.com,1,0.013616558
binance.com,1,0.013616558
springserve.com,1,0.013616558
co.kr,1,0.013616558
andbeyond.media,1,0.013616558
gumgum.com,1,0.013616558
smartclip.net,1,0.013616558
booking.com,1,0.013616558
cgv.vn,1,0.013616558
cdn-cookieyes.com,1,0.013616558
testingsites.co,1,0.013616558
wixstatic.com,1,0.013616558
buysellads.net,1,0.013616558
servedby-buysellads.com,1,0.013616558
dellcdn.com,1,0.013616558
wixmp.com,1,0.013616558
dienanh.net,1,0.013616558
msecnd.net,1,0.013616558
lmepbq.com,1,0.013616558
erocurves.com,1,0.013616558
batch.com,1,0.013616558
site24x7rum.com,1,0.013616558
mql5.com,1,0.013616558
fahasa.com,1,0.013616558
flashscore.com,1,0.013616558
dnb.com,1,0.013616558
foody.vn,1,0.013616558
dunsregistered.com,1,0.013616558
fshare.vn,1,0.013616558
maillist-manage.eu,1,0.013616558
fx4u.io,1,0.013616558
ipfind.com,1,0.013616558
zohopublic.eu,1,0.013616558
share4youvn.com,1,0.013616558
galaxycine.vn,1,0.013616558
redventures.io,1,0.013616558
aswpsdkus.com,1,0.013616558
uicdn.com,1,0.013616558
ui-portal.de,1,0.013616558
goal.com,1,0.013616558
optimizely.com,1,0.013616558
trustarc.com,1,0.013616558
marketo.com,1,0.013616558
firstpromoter.com,1,0.013616558
nanoweb.vn,1,0.013616558
monsido.com,1,0.013616558
ziffstatic.com,1,0.013616558
ign.com,1,0.013616558
cdninstagram.com,1,0.013616558
iqiyi.com,1,0.013616558
iqair.com,1,0.013616558
shopify.com,1,0.013616558
airvisual.com,1,0.013616558
dynamics.com,1,0.013616558
kplus.vn,1,0.013616558
sportal365.com,1,0.013616558
sportal365images.com,1,0.013616558
vimeo.com,1,0.013616558
vimeocdn.com,1,0.013616558
mediafire.com,1,0.013616558
mercdn.net,1,0.013616558
identitymind.com,1,0.013616558
mi-img.com,1,0.013616558
miui.com,1,0.013616558
dwin1.com,1,0.013616558
mokahr.com,1,0.013616558
kqxs.net,1,0.013616558
minhchinh.com,1,0.013616558
gfx.ms,1,0.013616558
bingapis.com,1,0.013616558
js7k.com,1,0.013616558
yengo.com,1,0.013616558
popin.cc,1,0.013616558
mediago.io,1,0.013616558
archive-digger.com,1,0.013616558
adnxs.net,1,0.013616558
atwola.com,1,0.013616558
adtechus.com,1,0.013616558
mtholyoke.edu,1,0.013616558
technolutions.net,1,0.013616558
y8z5nv0slz06vj2k5vh6akv7dj2c8aj62zhj2v7zj8vp0zq7fj2gf4mv6zsb.me,1,0.013616558
enthusiastgaming.net,1,0.013616558
nct.vn,1,0.013616558
cfigroup.com,1,0.013616558
usa.gov,1,0.013616558
foresee.com,1,0.013616558
nikecdn.com,1,0.013616558
uniconsent.com,1,0.013616558
stackpathcdn.com,1,0.013616558
npmjs.com,1,0.013616558
datadoghq-browser-agent.com,1,0.013616558
riotgames.com,1,0.013616558
otofun.net,1,0.013616558
otosaigon.com,1,0.013616558
polarbyte.com,1,0.013616558
iframe.ly,1,0.013616558
pharmacity.io,1,0.013616558
pharmacity.vn,1,0.013616558
phucanh.vn,1,0.013616558
phucanhcdn.com,1,0.013616558
pixiv.org,1,0.013616558
t.co,1,0.013616558
pnj.io,1,0.013616558
rgstatic.net,1,0.013616558
beusable.net,1,0.013616558
noembed.com,1,0.013616558
skypeassets.com,1,0.013616558
osano.com,1,0.013616558
slidesharecdn.com,1,0.013616558
sosanhgia.com,1,0.013616558
tienganh123.com,1,0.013616558
tiktokv.com,1,0.013616558
realsrv.com,1,0.013616558
tokyo-motion.net,1,0.013616558
topcv.vn,1,0.013616558
toprework.vn,1,0.013616558
qgr.ph,1,0.013616558
qgraph.io,1,0.013616558
quantumgraph.com,1,0.013616558
privacy-mgmt.com,1,0.013616558
transfermarkt.com,1,0.013616558
imagekit.io,1,0.013616558
tvlk-data.com,1,0.013616558
tacdn.com,1,0.013616558
tripadvisor.com,1,0.013616558
poki.io,1,0.013616558
eagleplatform.com,1,0.013616558
addevent.com,1,0.013616558
siteimproveanalytics.com,1,0.013616558
reachlocalservices.com,1,0.013616558
pushalert.co,1,0.013616558
vietjetair.com,1,0.013616558
trustwave.com,1,0.013616558
baokim.vn,1,0.013616558
hs-scripts.com,1,0.013616558
hsleadflows.net,1,0.013616558
hsadspixel.net,1,0.013616558
hs-banner.com,1,0.013616558
hscollectedforms.net,1,0.013616558
zendesk.com,1,0.013616558
aspnetcdn.com,1,0.013616558
vntrip.vn,1,0.013616558
vtvgiaitri.vn,1,0.013616558
walmartimages.com,1,0.013616558
wal.co,1,0.013616558
wp-e.net,1,0.013616558
adzerk.net,1,0.013616558
33across.com,1,0.013616558
webtoons.com,1,0.013616558
webtretho.com,1,0.013616558
wikihow.com,1,0.013616558
siteswithcontent.com,1,0.013616558
greatdexchange.com,1,0.013616558
crrepo.com,1,0.013616558
hlunlean.com,1,0.013616558
xoso666.com,1,0.013616558
idealmedia.io,1,0.013616558
a-mo.net,1,0.013616558
vidoomy.com,1,0.013616558
spotimmedia.com,1,0.013616558
e-planning.net,1,0.013616558
docdac.vn,1,0.013616558
vsmb.vn,1,0.013616558
youmed.vn,1,0.013616558
evetech.net,1,0.013616558
eveonline.com,1,0.013616558
skillq.net,1,0.013616558
zzeve.com,1,0.013616558
store123doc.com,2,0.027233115
godaddy.com,2,0.027233115
vietnamnettv.vn,2,0.027233115
privacymanager.io,2,0.027233115
acimg.cn,2,0.027233115
genieessp.com,2,0.027233115
genieesspv.jp,2,0.027233115
cache.vn,2,0.027233115
w3schools.com,2,0.027233115
b8zk2cl6bjs92j7ah8k2kzi92jf8ck9vj7v0z5bv2v3cj2azlp0c8z5vb7dt.me,2,0.027233115
vtcgame.vn,2,0.027233115
bmcdn.me,2,0.027233115
baochinhphu.vn,2,0.027233115
vnanet.vn,2,0.027233115
basecdn.net,2,0.027233115
metric.vn,2,0.027233115
lfeeder.com,2,0.027233115
gravatar.com,2,0.027233115
wufoo.com,2,0.027233115
bnews.vn,2,0.027233115
dvseo.net,2,0.027233115
website-analytics.net,2,0.027233115
bongdaplus.vn,2,0.027233115
vietlott.vn,2,0.027233115
increaserev.com,2,0.027233115
spadsync.com,2,0.027233115
ip-api.com,2,0.027233115
eu-1-id5-sync.com,2,0.027233115
icons8.com,2,0.027233115
myqcloud.com,2,0.027233115
cookiebot.com,2,0.027233115
bwfbadminton.com,2,0.027233115
cloudinary.com,2,0.027233115
cafefcdn.com,2,0.027233115
sobakenchmaphk.com,2,0.027233115
smaato.net,2,0.027233115
mediavine.com,2,0.027233115
360yield.com,2,0.027233115
yieldmo.com,2,0.027233115
bluekai.com,2,0.027233115
outbrain.com,2,0.027233115
krxd.net,2,0.027233115
bmcdn4.com,2,0.027233115
themoneytizer.com,2,0.027233115
consensu.org,2,0.027233115
confiant-integrations.net,2,0.027233115
zeotap.com,2,0.027233115
cuutruyen.net,2,0.027233115
workers.dev,2,0.027233115
aj1047.online,2,0.027233115
servenobid.com,2,0.027233115
rada.vn,2,0.027233115
ads-twitter.com,2,0.027233115
oribi.io,2,0.027233115
eva.vn,2,0.027233115
imgfarm.com,2,0.027233115
ask.com,2,0.027233115
iconify.design,2,0.027233115
ipify.org,2,0.027233115
co.jp,2,0.027233115
fantia.jp,2,0.027233115
chatplus.jp,2,0.027233115
inklinkor.com,2,0.027233115
thantai.net,2,0.027233115
stiposclimath.com,2,0.027233115
visualstudio.com,2,0.027233115
gamevui.com,2,0.027233115
caresoft.vn,2,0.027233115
cdn-img.net,2,0.027233115
hoanghamobile.com,2,0.027233115
sbz.vn,2,0.027233115
vdoc.vn,2,0.027233115
hoc247.vn,2,0.027233115
statsforads.com,2,0.027233115
hocvalamtheobac.vn,2,0.027233115
163.com,2,0.027233115
ipricegroup.com,2,0.027233115
pingdom.net,2,0.027233115
miaozhen.com,2,0.027233115
jwpcdn.com,2,0.027233115
kinhtedothi.vn,2,0.027233115
ohtctjiuow.com,2,0.027233115
tainhaccho.vn,2,0.027233115
kqxs.me,2,0.027233115
im-apps.net,2,0.027233115
lag.vn,2,0.027233115
laodong.vn,2,0.027233115
luatvietnam.vn,2,0.027233115
ihhqwaurke.com,2,0.027233115
w.org,2,0.027233115
dtscdn.com,2,0.027233115
truyentranh869.com,2,0.027233115
appier.net,2,0.027233115
botframework.com,2,0.027233115
chaty.app,2,0.027233115
bg4nxu2u5t.com,2,0.027233115
imageshh.com,2,0.027233115
dooloust.net,2,0.027233115
fleraprt.com,2,0.027233115
histats.com,2,0.027233115
motgame.vn,2,0.027233115
mpapis.xyz,2,0.027233115
mtcaptcha.com,2,0.027233115
ngoisao.vn,2,0.027233115
vegacdn.vn,2,0.027233115
nhandan.vn,2,0.027233115
oncx.vn,2,0.027233115
51.la,2,0.027233115
ppy.sh,2,0.027233115
166.net,2,0.027233115
plo.vn,2,0.027233115
quizlet.com,2,0.027233115
rollbar.com,2,0.027233115
snapchat.com,2,0.027233115
remitano.com,2,0.027233115
printfriendly.com,2,0.027233115
supercounters.com,2,0.027233115
imvu.com,2,0.027233115
deliverynow.vn,2,0.027233115
vchat.vn,2,0.027233115
vietid.net,2,0.027233115
sosanhnha.com,2,0.027233115
strpst.com,2,0.027233115
stripchat.com,2,0.027233115
pusher.com,2,0.027233115
e-plus.vn,2,0.027233115
com.tw,2,0.027233115
kakao.com,2,0.027233115
thethaovanhoa.vn,2,0.027233115
nhanlucnganhluat.vn,2,0.027233115
zopim.com,2,0.027233115
tikicdn.com,2,0.027233115
2sao.vn,2,0.027233115
top.gg,2,0.027233115
vtcnews.vn,2,0.027233115
nae.vn,2,0.027233115
ntcdntempv3.com,2,0.027233115
discordapp.com,2,0.027233115
truyenfull.com,2,0.027233115
8cache.com,2,0.027233115
staticscdn.net,2,0.027233115
codeprime.net,2,0.027233115
tuoitrenews.vn,2,0.027233115
tv360.vn,2,0.027233115
unica.vn,2,0.027233115
vieclam24h.vn,2,0.027233115
sieu-viet.com,2,0.027233115
sieuviet.services,2,0.027233115
klaviyo.com,2,0.027233115
vietnambiz.vn,2,0.027233115
vietteltelecom.vn,2,0.027233115
viettelpost.vn,2,0.027233115
viez.vn,2,0.027233115
securiti.ai,2,0.027233115
vinid.net,2,0.027233115
vjshop.vn,2,0.027233115
vneconomy.vn,2,0.027233115
vnptmedia.vn,2,0.027233115
vntsm.com,2,0.027233115
pocpoc.io,2,0.027233115
vungoi.vn,2,0.027233115
ezoic.com,2,0.027233115
donglogs.com,2,0.027233115
wordpress.com,2,0.027233115
taobao.com,2,0.027233115
mmstat.com,2,0.027233115
1688.com,2,0.027233115
accuweather.com,2,0.027233115
associates-amazon.com,2,0.027233115
bdstatic.com,2,0.027233115
baogiaothong.vn,2,0.027233115
bnbstatic.com,2,0.027233115
microsoftonline.com,2,0.027233115
youborafds01.com,2,0.027233115
px-cloud.net,2,0.027233115
cookieyes.com,2,0.027233115
linkedin.com,2,0.027233115
wix.com,2,0.027233115
coingecko.com,2,0.027233115
coolmate.me,2,0.027233115
dailymotion.com,2,0.027233115
dm-event.net,2,0.027233115
hubvisor.io,2,0.027233115
deviantart.net,2,0.027233115
nitropay.com,2,0.027233115
duolingo.com,2,0.027233115
eurosport.com,2,0.027233115
redditstatic.com,2,0.027233115
zoho.eu,2,0.027233115
zohocdn.com,2,0.027233115
gmx.com,2,0.027233115
grab.com,2,0.027233115
wistia.net,2,0.027233115
inq.com,2,0.027233115
spot.im,2,0.027233115
iq.com,2,0.027233115
airvisual.net,2,0.027233115
kidsplaza.vn,2,0.027233115
kiotviet.vn,2,0.027233115
adobedtm.com,2,0.027233115
omtrdc.net,2,0.027233115
appmifile.com,2,0.027233115
mihoyo.com,2,0.027233115
nettruyenking.com,2,0.027233115
nexusmods.com,2,0.027233115
novelupdates.com,2,0.027233115
op.gg,2,0.027233115
vsm.vn,2,0.027233115
pximg.net,2,0.027233115
redd.it,2,0.027233115
qualtrics.com,2,0.027233115
sftcdn.net,2,0.027233115
bytedapm.com,2,0.027233115
tiktokcdn-us.com,2,0.027233115
ibytedtos.com,2,0.027233115
tinnhanhchungkhoan.vn,2,0.027233115
transfermarkt.technology,2,0.027233115
poki.com,2,0.027233115
yastatic.net,2,0.027233115
rlets.com,2,0.027233115
simpli.fi,2,0.027233115
airtrfx.com,2,0.027233115
mrf.io,2,0.027233115
clmbtech.com,2,0.027233115
yan.vn,2,0.027233115
adpushup.com,2,0.027233115
treasuredata.com,2,0.027233115
wsimg.com,3,0.040849673
9gag.com,3,0.040849673
gtimg.com,3,0.040849673
mapbox.com,3,0.040849673
waust.at,3,0.040849673
thaudray.com,3,0.040849673
apkpure.com,3,0.040849673
zapps.me,3,0.040849673
baotintuc.vn,3,0.040849673
shopee.vn,3,0.040849673
bestie.vn,3,0.040849673
blogtruyen.vn,3,0.040849673
bongda24h.vn,3,0.040849673
cachefly.net,3,0.040849673
innity.com,3,0.040849673
aralego.com,3,0.040849673
aralego.net,3,0.040849673
cafeland.vn,3,0.040849673
dxmjyxksvc.com,3,0.040849673
sharethrough.com,3,0.040849673
rlcdn.com,3,0.040849673
emxdgt.com,3,0.040849673
chiaki.vn,3,0.040849673
lavanetwork.net,3,0.040849673
arc.io,3,0.040849673
unibotscdn.com,3,0.040849673
simplewebanalysis.com,3,0.040849673
licdn.com,3,0.040849673
f247.com,3,0.040849673
livechatinc.com,3,0.040849673
fptplay.net,3,0.040849673
fuseplatform.net,3,0.040849673
veepeestickney.guru,3,0.040849673
yahoosandbox.com,3,0.040849673
worldfone.vn,3,0.040849673
moengage.com,3,0.040849673
ghn.vn,3,0.040849673
quangich.com,3,0.040849673
hellohealthgroup.com,3,0.040849673
smartnews-ads.com,3,0.040849673
subiz-cdn.com,3,0.040849673
anthill.vn,3,0.040849673
hoidap247.com,3,0.040849673
co.uk,3,0.040849673
lamthong.net,3,0.040849673
vietbao.vn,3,0.040849673
pinterest.com,3,0.040849673
mail.ru,3,0.040849673
crwdcntrl.net,3,0.040849673
imacdn.com,3,0.040849673
tzegilo.com,3,0.040849673
cdp.asia,3,0.040849673
digitalgov.gov,3,0.040849673
imghosts.com,3,0.040849673
tekoapis.com,3,0.040849673
vivaclix.com,3,0.040849673
cbox.ws,3,0.040849673
twimg.com,3,0.040849673
toast.com,3,0.040849673
thuthuatphanmem.vn,3,0.040849673
tinhte.vn,3,0.040849673
addthisedge.com,3,0.040849673
moatads.com,3,0.040849673
bidgear.com,3,0.040849673
violet.vn,3,0.040849673
wowza.com,3,0.040849673
emitech.vn,3,0.040849673
vtvdigital.vn,3,0.040849673
vuahanghieu.com,3,0.040849673
quantserve.com,3,0.040849673
websosanh.vn,3,0.040849673
ssl-images-amazon.com,3,0.040849673
mzstatic.com,3,0.040849673
sentry.io,3,0.040849673
dugout.com,3,0.040849673
bstatic.com,3,0.040849673
parastorage.com,3,0.040849673
appboycdn.com,3,0.040849673
gr-assets.com,3,0.040849673
ignimgs.com,3,0.040849673
adnxs-simple.com,3,0.040849673
mookie1.com,3,0.040849673
redditmedia.com,3,0.040849673
samsung.com,3,0.040849673
scdn.vn,3,0.040849673
ttwstatic.com,3,0.040849673
byteoversea.com,3,0.040849673
vietnamplus.vn,3,0.040849673
vietnamworks.com,3,0.040849673
walmart.com,3,0.040849673
wattpad.com,3,0.040849673
pstatic.net,3,0.040849673
xosodaiphat.com,3,0.040849673
yame.vn,3,0.040849673
ybox.vn,3,0.040849673
zmdcdn.me,3,0.040849673
zingmp3.vn,3,0.040849673
vietnamnetad.vn,4,0.054466231
dtscout.com,4,0.054466231
polyfill.io,4,0.054466231
slatic.net,4,0.054466231
oaphoace.net,4,0.054466231
akadigital.vn,4,0.054466231
innity.net,4,0.054466231
id5-sync.com,4,0.054466231
cafef.vn,4,0.054466231
socdm.com,4,0.054466231
3lift.com,4,0.054466231
adingo.jp,4,0.054466231
addtoany.com,4,0.054466231
gammaplatform.com,4,0.054466231
adtelligent.com,4,0.054466231
indexww.com,4,0.054466231
alexametrics.com,4,0.054466231
fpt.shop,4,0.054466231
media-amazon.com,4,0.054466231
game8.co,4,0.054466231
akamaihd.net,4,0.054466231
hellobacsi.com,4,0.054466231
subiz.net,4,0.054466231
olm.vn,4,0.054466231
a-ads.com,4,0.054466231
recaptcha.net,4,0.054466231
azure.com,4,0.054466231
statcounter.com,4,0.054466231
ndh.vn,4,0.054466231
modestsunf.com,4,0.054466231
sc-static.net,4,0.054466231
pinimg.com,4,0.054466231
steamstatic.com,4,0.054466231
thuvienphapluat.vn,4,0.054466231
zdassets.com,4,0.054466231
tiki.vn,4,0.054466231
topdev.vn,4,0.054466231
pubpowerplatform.io,4,0.054466231
vtc.vn,4,0.054466231
app.link,4,0.054466231
vietstock.vn,4,0.054466231
ezodn.com,4,0.054466231
agoda.net,4,0.054466231
onetrust.com,4,0.054466231
chotot.com,4,0.054466231
dell.com,4,0.054466231
lazada.vn,4,0.054466231
minhngoc.net,4,0.054466231
qdnd.vn,4,0.054466231
vietnamnetjsc.vn,5,0.068082789
optad360.io,5,0.068082789
com.cn,5,0.068082789
kenh14cdn.com,5,0.068082789
coccoc.com,5,0.068082789
zascdn.me,5,0.068082789
a2z.com,5,0.068082789
hcaptcha.com,5,0.068082789
nr-data.net,5,0.068082789
bncloudfl.com,5,0.068082789
careerbuilder.vn,5,0.068082789
bidswitch.net,5,0.068082789
127.net,5,0.068082789
trunkpkg.com,5,0.068082789
aj1559.online,5,0.068082789
fpt.ai,5,0.068082789
homedy.com,5,0.068082789
giphy.com,5,0.068082789
thanhnien.vn,5,0.068082789
onthe.io,5,0.068082789
sentry-cdn.com,5,0.068082789
vieon.vn,5,0.068082789
fc2.com,5,0.068082789
viettelstore.vn,5,0.068082789
tiktokcdn.com,5,0.068082789
dmcdn.net,5,0.068082789
livescore.com,5,0.068082789
demdex.net,5,0.068082789
saostar.vn,5,0.068082789
amazonaws.com,6,0.081699346
u7z5fgj3k9c0vkah2v8zj1zj7v6gkm2f8zjc9j2vk6o9p2zks3a6sjc2mj6h.me,6,0.081699346
tinnhiemmang.vn,6,0.081699346
adtimaserver.vn,6,0.081699346
smartadserver.com,6,0.081699346
onetag-sys.com,6,0.081699346
taboola.com,6,0.081699346
openweathermap.org,6,0.081699346
eclick.vn,6,0.081699346
googlevideo.com,6,0.081699346
vov.vn,6,0.081699346
pushdi.com,6,0.081699346
fantodsshrug.com,6,0.081699346
bizfly.vn,6,0.081699346
flygame.io,6,0.081699346
azureedge.net,6,0.081699346
vnexpress.net,6,0.081699346
nixcdn.com,6,0.081699346
branch.io,6,0.081699346
ad-delivery.net,6,0.081699346
cookielaw.org,6,0.081699346
iqiyipic.com,6,0.081699346
akamaized.net,6,0.081699346
nike.com,6,0.081699346
sendo.vn,6,0.081699346
zingnews.vn,6,0.081699346
rtmark.net,7,0.095315904
baomoi.com,7,0.095315904
newrelic.com,7,0.095315904
unibots.in,7,0.095315904
ampproject.org,7,0.095315904
teads.tv,7,0.095315904
jwplayer.com,7,0.095315904
fpt.vn,7,0.095315904
ants.vn,7,0.095315904
gliacloud.com,7,0.095315904
taimienphi.vn,7,0.095315904
vnncdn.net,7,0.095315904
tuoitre.vn,7,0.095315904
tgdd.vn,7,0.095315904
autoads.asia,8,0.108932462
tawk.to,8,0.108932462
adnxs.com,8,0.108932462
media.net,8,0.108932462
zaloapp.com,8,0.108932462
cdn-apple.com,8,0.108932462
limurol.com,8,0.108932462
tuyensinh247.com,8,0.108932462
amplitude.com,8,0.108932462
aiactiv.io,8,0.108932462
vietnamnet.vn,8,0.108932462
net.vn,9,0.12254902
btloader.com,9,0.12254902
s-onetag.com,9,0.12254902
casalemedia.com,9,0.12254902
cnnd.vn,9,0.12254902
rubiconproject.com,9,0.12254902
openx.net,9,0.12254902
unpkg.com,9,0.12254902
clarity.ms,9,0.12254902
adskeeper.com,9,0.12254902
blogspot.com,10,0.136165577
2mdn.net,10,0.136165577
126.net,10,0.136165577
creativecdn.com,10,0.136165577
dnacdn.net,10,0.136165577
edu.vn,10,0.136165577
msn.com,10,0.136165577
typekit.net,10,0.136165577
addthis.com,10,0.136165577
tynt.com,10,0.136165577
nimo.tv,10,0.136165577
zingcdn.me,10,0.136165577
accesstrade.vn,11,0.149782135
amung.us,11,0.149782135
yandex.ru,11,0.149782135
zadn.vn,11,0.149782135
ggpht.com,11,0.149782135
crazyegg.com,11,0.149782135
syenitetatler.tech,11,0.149782135
baidu.com,12,0.163398693
criteo.net,12,0.163398693
aiservice.vn,12,0.163398693
adbro.me,12,0.163398693
twitter.com,12,0.163398693
mepuzz.com,13,0.177015251
cdnstoremedia.com,13,0.177015251
googleoptimize.com,13,0.177015251
yahoo.com,13,0.177015251
go-mpulse.net,13,0.177015251
adsrvr.org,14,0.190631808
genmonet.com,14,0.190631808
bing.com,14,0.190631808
netease.com,14,0.190631808
imgur.com,15,0.204248366
alicdn.com,15,0.204248366
anymind360.com,16,0.217864924
ytimg.com,16,0.217864924
philacct.com,16,0.217864924
dable.io,16,0.217864924
realclick.vn,16,0.217864924
gov.vn,17,0.231481481
amazon-adsystem.com,17,0.231481481
jquery.com,17,0.231481481
epicdn.me,18,0.245098039
hstatic.net,18,0.245098039
surfcountor.com,18,0.245098039
netcoresmartech.com,18,0.245098039
vnecdn.net,18,0.245098039
y8.com,18,0.245098039
scorecardresearch.com,20,0.272331155
admicro.vn,20,0.272331155
googleusercontent.com,21,0.285947712
wieistmeineip.de,21,0.285947712
trackpush.com,21,0.285947712
nanda.vn,21,0.285947712
sourcetobin.com,25,0.340413943
deqik.com,25,0.340413943
wp.com,26,0.354030501
cloudflareinsights.com,28,0.381263617
fontawesome.com,28,0.381263617
tiktok.com,28,0.381263617
sohatv.vn,29,0.394880174
mgid.com,29,0.394880174
cloudfront.net,31,0.42211329
hotjar.com,35,0.476579521
yomedia.vn,36,0.490196078
zdn.vn,36,0.490196078
bootstrapcdn.com,39,0.531045752
youtube.com,41,0.558278867
pubmatic.com,42,0.571895425
useinsider.com,43,0.585511983
onesignal.com,43,0.585511983
googletagservices.com,46,0.626361656
mediacdn.vn,55,0.748910675
jsdelivr.net,58,0.789760349
criteo.com,64,0.871459695
zalo.me,68,0.925925926
googleadservices.com,70,0.953159041
dmca.com,75,1.02124183
contineljs.com,81,1.102941176
facebook.com,98,1.334422658
fbcdn.net,102,1.388888889
cloudflare.com,103,1.402505447
amcdn.vn,106,1.44335512
googlesyndication.com,169,2.301198257
facebook.net,172,2.34204793
com.vn,276,3.758169935
gstatic.com,351,4.779411765
doubleclick.net,375,5.10620915
google-analytics.com,375,5.10620915
googleapis.com,388,5.283224401
google.com,424,5.773420479
googletagmanager.com,496,6.753812636
